/*
 Navicat Premium Data Transfer

 Source Server         : localhost
 Source Server Type    : MySQL
 Source Server Version : 50717
 Source Host           : localhost:3306
 Source Schema         : train_core

 Target Server Type    : MySQL
 Target Server Version : 50717
 File Encoding         : 65001

 Date: 30/09/2019 18:25:31
*/

SET NAMES utf8mb4;
SET FOREIGN_KEY_CHECKS = 0;

-- ----------------------------
-- Table structure for train_dictionary
-- ----------------------------
DROP TABLE IF EXISTS `train_dictionary`;
CREATE TABLE `train_dictionary`  (
  `id` bigint(20) NOT NULL COMMENT '主键',
  `dic_key` varchar(255) CHARACTER SET utf8mb4 COLLATE utf8mb4_general_ci NULL DEFAULT NULL COMMENT '字典的key',
  `dic_value` varchar(255) CHARACTER SET utf8mb4 COLLATE utf8mb4_general_ci NULL DEFAULT NULL COMMENT '字典的val',
  `remarks` varchar(255) CHARACTER SET utf8mb4 COLLATE utf8mb4_general_ci NULL DEFAULT NULL COMMENT '备注',
  `create_time` datetime(0) NULL DEFAULT CURRENT_TIMESTAMP COMMENT '创建时间',
  `update_time` datetime(0) NULL DEFAULT NULL COMMENT '更新时间',
  `is_deleted` int(1) NULL DEFAULT 2 COMMENT '是否删除 1-是 2-否',
  PRIMARY KEY (`id`) USING BTREE
) ENGINE = InnoDB CHARACTER SET = utf8mb4 COLLATE = utf8mb4_general_ci COMMENT = '字典表' ROW_FORMAT = Dynamic;

-- ----------------------------
-- Records of train_dictionary
-- ----------------------------
INSERT INTO `train_dictionary` VALUES (1174155790677913601, 'shortMessageVerificationCodeSwitch', '1', '短信验证码开关(1-开启 2-关闭)', '2019-09-25 21:29:28', '2019-09-25 21:29:28', 2);
INSERT INTO `train_dictionary` VALUES (1176847631038001153, '预留key1', '预留val17', '预留字典字段', '2019-09-25 21:32:22', '2019-09-25 21:32:23', 2);
INSERT INTO `train_dictionary` VALUES (1176847900555587586, '预留key2', '预留val34', '预留字典字段2', '2019-09-25 21:32:17', '2019-09-25 21:32:17', 2);
INSERT INTO `train_dictionary` VALUES (1176851084082597889, '预留key4', '预留val4', '预留字段', '2019-09-25 21:28:57', NULL, 2);
INSERT INTO `train_dictionary` VALUES (1177078533593485314, '预留key5', '预留val5', '预留字典字段5', '2019-09-26 14:33:48', '2019-09-27 22:20:27', 2);
INSERT INTO `train_dictionary` VALUES (1177109377750126593, '预留key6', '预留val6', '预留字典字段6', '2019-09-26 14:35:20', '2019-09-26 14:36:16', 2);

-- ----------------------------
-- Table structure for train_interface
-- ----------------------------
DROP TABLE IF EXISTS `train_interface`;
CREATE TABLE `train_interface`  (
  `id` bigint(20) NOT NULL COMMENT '主键',
  `url` text CHARACTER SET utf8mb4 COLLATE utf8mb4_general_ci NULL COMMENT '接口路径',
  `desc` varchar(255) CHARACTER SET utf8mb4 COLLATE utf8mb4_general_ci NOT NULL COMMENT '接口描述',
  `iden` int(1) NULL DEFAULT 2 COMMENT '权限标识(1-需要token 2-任意访问)',
  `create_time` datetime(0) NULL DEFAULT CURRENT_TIMESTAMP COMMENT '创建时间',
  `update_time` datetime(0) NULL DEFAULT NULL COMMENT '更新时间',
  `is_deleted` int(1) NULL DEFAULT 2 COMMENT '是否删除 1-是 2-否',
  PRIMARY KEY (`id`) USING BTREE
) ENGINE = InnoDB CHARACTER SET = utf8mb4 COLLATE = utf8mb4_general_ci COMMENT = '接口登记表(用于登记不需要token的接口)' ROW_FORMAT = Dynamic;

-- ----------------------------
-- Records of train_interface
-- ----------------------------
INSERT INTO `train_interface` VALUES (1175378280778760193, '/apigateway/user-center/api/user-center/userManagementLogin', '用户服务-->用户管理端登录', 2, '2019-09-21 19:56:34', NULL, 2);
INSERT INTO `train_interface` VALUES (1176685900077428737, '/apigateway/user-center/v2/api-docs', 'Swagger->用户中心服务', 2, '2019-09-25 10:32:35', NULL, 2);
INSERT INTO `train_interface` VALUES (1176691091220688897, '/apigateway/core-service/v2/api-docs', 'Swagger->核心基础服务', 2, '2019-09-25 10:53:12', NULL, 2);
INSERT INTO `train_interface` VALUES (1176691158207918081, '/apigateway/authority-service/v2/api-docs', 'Swagger->权限服务', 2, '2019-09-25 10:53:28', NULL, 2);

-- ----------------------------
-- Table structure for train_jurisdiction
-- ----------------------------
DROP TABLE IF EXISTS `train_jurisdiction`;
CREATE TABLE `train_jurisdiction`  (
  `id` bigint(20) NOT NULL COMMENT '主键',
  `jur_name` varchar(255) CHARACTER SET utf8mb4 COLLATE utf8mb4_general_ci NULL DEFAULT NULL COMMENT '权限名称',
  `identification` varchar(255) CHARACTER SET utf8mb4 COLLATE utf8mb4_general_ci NULL DEFAULT NULL COMMENT '权限唯一标识',
  `parent_id` bigint(20) NULL DEFAULT NULL COMMENT '父级id（默认0为顶级）',
  `create_time` datetime(0) NULL DEFAULT CURRENT_TIMESTAMP COMMENT '创建时间',
  `update_time` datetime(0) NULL DEFAULT NULL COMMENT '更新时间',
  `is_deleted` int(1) NULL DEFAULT 2 COMMENT '是否删除 1-是 2-否',
  PRIMARY KEY (`id`) USING BTREE
) ENGINE = InnoDB CHARACTER SET = utf8mb4 COLLATE = utf8mb4_general_ci COMMENT = '权限表' ROW_FORMAT = Dynamic;

-- ----------------------------
-- Records of train_jurisdiction
-- ----------------------------
INSERT INTO `train_jurisdiction` VALUES (1176736926071468033, '系统登录', 'system_login_restrictions', 0, '2019-09-25 13:55:20', NULL, 2);
INSERT INTO `train_jurisdiction` VALUES (1176741547665993730, '管理端登录', 'system_login_restrictions_management_system', 1176736926071468033, '2019-09-25 14:13:42', NULL, 2);
INSERT INTO `train_jurisdiction` VALUES (1176741800507027457, '小程序登录', 'system_login_small_program', 1176736926071468033, '2019-09-25 14:14:42', NULL, 2);
INSERT INTO `train_jurisdiction` VALUES (1177055881940111362, '系统设置', 'system_setup', 0, '2019-09-26 11:02:45', NULL, 2);
INSERT INTO `train_jurisdiction` VALUES (1177055962932121602, '数据字典', 'system_setup_data_dictionary', 1177055881940111362, '2019-09-26 11:03:04', NULL, 2);
INSERT INTO `train_jurisdiction` VALUES (1177056137490665474, '添加数据字典', 'system_setup_data_dictionary_add_a_new_dictionary', 1177055962932121602, '2019-09-26 11:03:46', NULL, 2);
INSERT INTO `train_jurisdiction` VALUES (1177056412733476865, '操作数据字典', 'system_setup_data_dictionary_operational_data_dictionary', 1177055962932121602, '2019-09-26 11:04:52', NULL, 2);
INSERT INTO `train_jurisdiction` VALUES (1177880306007826433, '角色权限', 'system_setup_role_permissions', 1177055881940111362, '2019-09-28 17:38:43', NULL, 2);
INSERT INTO `train_jurisdiction` VALUES (1177880440733065217, '添加角色', 'system_setup_role_permissions_add_role', 1177880306007826433, '2019-09-28 17:39:15', NULL, 2);
INSERT INTO `train_jurisdiction` VALUES (1177880496102072322, '编辑角色', 'system_setup_role_permissions_update_role', 1177880306007826433, '2019-09-28 17:39:28', NULL, 2);
INSERT INTO `train_jurisdiction` VALUES (1177880537508241410, '删除角色', 'system_setup_role_permissions_delete_role', 1177880306007826433, '2019-09-28 17:39:38', NULL, 2);
INSERT INTO `train_jurisdiction` VALUES (1177880627484450818, '角色赋权', 'system_setup_role_permissions_role_empowerment', 1177880306007826433, '2019-09-28 17:40:00', NULL, 2);

-- ----------------------------
-- Table structure for train_login_log
-- ----------------------------
DROP TABLE IF EXISTS `train_login_log`;
CREATE TABLE `train_login_log`  (
  `id` bigint(20) NOT NULL COMMENT '主键',
  `user_id` bigint(20) NOT NULL COMMENT '用户id',
  `platform` int(1) NULL DEFAULT NULL COMMENT '登录平台（1-pc 2-app 3-小程序）',
  `ip_address` varchar(255) CHARACTER SET utf8mb4 COLLATE utf8mb4_general_ci NULL DEFAULT NULL COMMENT '登录IP地址',
  `login_time` datetime(0) NULL DEFAULT NULL COMMENT '登录时间',
  `create_time` datetime(0) NULL DEFAULT CURRENT_TIMESTAMP COMMENT '创建时间',
  `update_time` datetime(0) NULL DEFAULT NULL COMMENT '更新时间',
  `is_deleted` int(1) NULL DEFAULT 2 COMMENT '是否删除 1-是 2-否',
  PRIMARY KEY (`id`) USING BTREE
) ENGINE = InnoDB CHARACTER SET = utf8mb4 COLLATE = utf8mb4_general_ci COMMENT = '登录日志表' ROW_FORMAT = Dynamic;

-- ----------------------------
-- Records of train_login_log
-- ----------------------------
INSERT INTO `train_login_log` VALUES (1174149012959514625, 1173853273876299777, 1, '127.0.0.1', '2019-09-18 10:31:54', '2019-09-18 10:31:53', NULL, 2);
INSERT INTO `train_login_log` VALUES (1174149361665523714, 1173853273876299777, 1, '127.0.0.1', '2019-09-18 10:33:17', '2019-09-18 10:33:17', NULL, 2);
INSERT INTO `train_login_log` VALUES (1174150119970541569, 1173853273876299777, 1, '127.0.0.1', '2019-09-18 10:36:18', '2019-09-18 10:36:17', NULL, 2);
INSERT INTO `train_login_log` VALUES (1174150896483012609, 1173853273876299777, 1, '127.0.0.1', '2019-09-18 10:39:23', '2019-09-18 10:39:23', NULL, 2);
INSERT INTO `train_login_log` VALUES (1174151168630427649, 1173853273876299777, 1, '127.0.0.1', '2019-09-18 10:40:28', '2019-09-18 10:40:27', NULL, 2);
INSERT INTO `train_login_log` VALUES (1174164160826806274, 1173853273876299777, 1, '127.0.0.1', '2019-09-18 11:32:06', '2019-09-18 11:32:05', NULL, 2);
INSERT INTO `train_login_log` VALUES (1174873410968444930, 1173853273876299777, 1, '127.0.0.1', '2019-09-20 10:30:23', '2019-09-20 10:30:24', NULL, 2);
INSERT INTO `train_login_log` VALUES (1174873460222156802, 1173853273876299777, 1, '127.0.0.1', '2019-09-20 10:30:36', '2019-09-20 10:30:35', NULL, 2);
INSERT INTO `train_login_log` VALUES (1174877461596561410, 1173853273876299777, 1, '127.0.0.1', '2019-09-20 10:46:30', '2019-09-20 10:46:29', NULL, 2);
INSERT INTO `train_login_log` VALUES (1174877738273824770, 1173853273876299777, 1, '127.0.0.1', '2019-09-20 10:47:31', '2019-09-20 10:47:35', NULL, 2);
INSERT INTO `train_login_log` VALUES (1174877817143517186, 1173853273876299777, 1, '127.0.0.1', '2019-09-20 10:47:54', '2019-09-20 10:47:54', NULL, 2);
INSERT INTO `train_login_log` VALUES (1174877879697367042, 1173853273876299777, 1, '127.0.0.1', '2019-09-20 10:48:09', '2019-09-20 10:48:09', NULL, 2);
INSERT INTO `train_login_log` VALUES (1174877926547742722, 1173853273876299777, 1, '127.0.0.1', '2019-09-20 10:48:21', '2019-09-20 10:48:20', NULL, 2);
INSERT INTO `train_login_log` VALUES (1174883718218866690, 1173853273876299777, 1, '127.0.0.1', '2019-09-20 11:11:21', '2019-09-20 11:11:21', NULL, 2);
INSERT INTO `train_login_log` VALUES (1174884252699025410, 1173853273876299777, 1, '127.0.0.1', '2019-09-20 11:13:29', '2019-09-20 11:13:28', NULL, 2);
INSERT INTO `train_login_log` VALUES (1174885068944138241, 1173853273876299777, 1, '127.0.0.1', '2019-09-20 11:16:43', '2019-09-20 11:16:43', NULL, 2);
INSERT INTO `train_login_log` VALUES (1174885077873811458, 1173853273876299777, 1, '127.0.0.1', '2019-09-20 11:16:46', '2019-09-20 11:16:45', NULL, 2);
INSERT INTO `train_login_log` VALUES (1174885273080913922, 1173853273876299777, 1, '127.0.0.1', '2019-09-20 11:17:32', '2019-09-20 11:17:32', NULL, 2);
INSERT INTO `train_login_log` VALUES (1174885728926261249, 1173853273876299777, 1, '127.0.0.1', '2019-09-20 11:19:21', '2019-09-20 11:19:20', NULL, 2);
INSERT INTO `train_login_log` VALUES (1174886105679618050, 1173853273876299777, 1, '127.0.0.1', '2019-09-20 11:20:51', '2019-09-20 11:20:50', NULL, 2);
INSERT INTO `train_login_log` VALUES (1174886119596318722, 1173853273876299777, 1, '127.0.0.1', '2019-09-20 11:20:54', '2019-09-20 11:20:53', NULL, 2);
INSERT INTO `train_login_log` VALUES (1174886339952467970, 1173853273876299777, 1, '127.0.0.1', '2019-09-20 11:21:46', '2019-09-20 11:21:46', NULL, 2);
INSERT INTO `train_login_log` VALUES (1174886363818057729, 1173853273876299777, 1, '127.0.0.1', '2019-09-20 11:21:52', '2019-09-20 11:21:52', NULL, 2);
INSERT INTO `train_login_log` VALUES (1174886614952009730, 1173853273876299777, 1, '127.0.0.1', '2019-09-20 11:22:52', '2019-09-20 11:22:52', NULL, 2);
INSERT INTO `train_login_log` VALUES (1174887423928393729, 1173853273876299777, 1, '127.0.0.1', '2019-09-20 11:26:05', '2019-09-20 11:26:04', NULL, 2);
INSERT INTO `train_login_log` VALUES (1174887845028126722, 1173853273876299777, 1, '127.0.0.1', '2019-09-20 11:27:45', '2019-09-20 11:27:45', NULL, 2);
INSERT INTO `train_login_log` VALUES (1174887987252781058, 1173853273876299777, 1, '127.0.0.1', '2019-09-20 11:28:19', '2019-09-20 11:28:19', NULL, 2);
INSERT INTO `train_login_log` VALUES (1174888118836486146, 1173853273876299777, 1, '127.0.0.1', '2019-09-20 11:28:51', '2019-09-20 11:28:50', NULL, 2);
INSERT INTO `train_login_log` VALUES (1174888198805086210, 1173853273876299777, 1, '127.0.0.1', '2019-09-20 11:29:10', '2019-09-20 11:29:09', NULL, 2);
INSERT INTO `train_login_log` VALUES (1174888237556260865, 1173853273876299777, 1, '127.0.0.1', '2019-09-20 11:29:19', '2019-09-20 11:29:18', NULL, 2);
INSERT INTO `train_login_log` VALUES (1174891272869228545, 1173853273876299777, 1, '127.0.0.1', '2019-09-20 11:41:22', '2019-09-20 11:41:22', NULL, 2);
INSERT INTO `train_login_log` VALUES (1174891370919473153, 1173853273876299777, 1, '127.0.0.1', '2019-09-20 11:41:46', '2019-09-20 11:41:45', NULL, 2);
INSERT INTO `train_login_log` VALUES (1174891417342029826, 1173853273876299777, 1, '127.0.0.1', '2019-09-20 11:41:57', '2019-09-20 11:41:56', NULL, 2);
INSERT INTO `train_login_log` VALUES (1174891427911675905, 1173853273876299777, 1, '127.0.0.1', '2019-09-20 11:41:59', '2019-09-20 11:41:59', NULL, 2);
INSERT INTO `train_login_log` VALUES (1174891432068231169, 1173853273876299777, 1, '127.0.0.1', '2019-09-20 11:42:00', '2019-09-20 11:42:00', NULL, 2);
INSERT INTO `train_login_log` VALUES (1174904187521314818, 1173853273876299777, 1, '127.0.0.1', '2019-09-20 12:32:42', '2019-09-20 12:32:41', NULL, 2);
INSERT INTO `train_login_log` VALUES (1174955602608357378, 1173853273876299777, 1, '127.0.0.1', '2019-09-20 15:57:00', '2019-09-20 15:56:59', NULL, 2);
INSERT INTO `train_login_log` VALUES (1174956359327911937, 1173853273876299777, 1, '127.0.0.1', '2019-09-20 16:00:00', '2019-09-20 16:00:00', NULL, 2);
INSERT INTO `train_login_log` VALUES (1174992993721225218, 1173853273876299777, 1, '127.0.0.1', '2019-09-20 18:25:35', '2019-09-20 18:25:34', NULL, 2);
INSERT INTO `train_login_log` VALUES (1175108090484629506, 1173853273876299777, 1, '127.0.0.1', '2019-09-21 02:02:56', '2019-09-21 02:02:55', NULL, 2);
INSERT INTO `train_login_log` VALUES (1175110886139293698, 1173853273876299777, 1, '127.0.0.1', '2019-09-21 02:14:02', '2019-09-21 02:14:02', NULL, 2);
INSERT INTO `train_login_log` VALUES (1175118548361011201, 1173853273876299777, 1, '127.0.0.1', '2019-09-21 02:44:29', '2019-09-21 02:44:29', NULL, 2);
INSERT INTO `train_login_log` VALUES (1175343737568989185, 1173853273876299777, 1, '127.0.0.1', '2019-09-21 17:39:18', '2019-09-21 17:39:18', NULL, 2);
INSERT INTO `train_login_log` VALUES (1175378342971883521, 1173853273876299777, 1, '127.0.0.1', '2019-09-21 19:56:49', '2019-09-21 19:56:49', NULL, 2);
INSERT INTO `train_login_log` VALUES (1175378342971883522, 1173853273876299777, 1, '127.0.0.1', '2019-09-21 19:56:49', '2019-09-21 19:56:49', NULL, 2);
INSERT INTO `train_login_log` VALUES (1175386245686542338, 1173853273876299777, 1, '127.0.0.1', '2019-09-21 20:28:13', '2019-09-21 20:28:13', NULL, 2);
INSERT INTO `train_login_log` VALUES (1175386702626603009, 1173853273876299777, 1, '127.0.0.1', '2019-09-21 20:30:02', '2019-09-21 20:30:02', NULL, 2);
INSERT INTO `train_login_log` VALUES (1175396259021111298, 1173853273876299777, 1, '127.0.0.1', '2019-09-21 21:08:01', '2019-09-21 21:08:00', NULL, 2);
INSERT INTO `train_login_log` VALUES (1175411314395627521, 1173853273876299777, 1, '127.0.0.1', '2019-09-21 22:07:50', '2019-09-21 22:07:50', NULL, 2);
INSERT INTO `train_login_log` VALUES (1175411950155644930, 1173853273876299777, 1, '127.0.0.1', '2019-09-21 22:10:22', '2019-09-21 22:10:21', NULL, 2);
INSERT INTO `train_login_log` VALUES (1175412507175993346, 1173853273876299777, 1, '127.0.0.1', '2019-09-21 22:12:34', '2019-09-21 22:12:34', NULL, 2);
INSERT INTO `train_login_log` VALUES (1175414026822680577, 1173853273876299777, 1, '127.0.0.1', '2019-09-21 22:18:37', '2019-09-21 22:18:36', NULL, 2);
INSERT INTO `train_login_log` VALUES (1175414032887644161, 1173853273876299777, 1, '127.0.0.1', '2019-09-21 22:18:38', '2019-09-21 22:18:38', NULL, 2);
INSERT INTO `train_login_log` VALUES (1175414037836922881, 1173853273876299777, 1, '127.0.0.1', '2019-09-21 22:18:39', '2019-09-21 22:18:39', NULL, 2);
INSERT INTO `train_login_log` VALUES (1175414041217531905, 1173853273876299777, 1, '127.0.0.1', '2019-09-21 22:18:40', '2019-09-21 22:18:40', NULL, 2);
INSERT INTO `train_login_log` VALUES (1175414043822194689, 1173853273876299777, 1, '127.0.0.1', '2019-09-21 22:18:41', '2019-09-21 22:18:40', NULL, 2);
INSERT INTO `train_login_log` VALUES (1175414047102140417, 1173853273876299777, 1, '127.0.0.1', '2019-09-21 22:18:42', '2019-09-21 22:18:41', NULL, 2);
INSERT INTO `train_login_log` VALUES (1175414095479242754, 1173853273876299777, 1, '127.0.0.1', '2019-09-21 22:18:53', '2019-09-21 22:18:53', NULL, 2);
INSERT INTO `train_login_log` VALUES (1175414171094155265, 1173853273876299777, 1, '127.0.0.1', '2019-09-21 22:19:11', '2019-09-21 22:19:11', NULL, 2);
INSERT INTO `train_login_log` VALUES (1175414186105569281, 1173853273876299777, 1, '127.0.0.1', '2019-09-21 22:19:15', '2019-09-21 22:19:14', NULL, 2);
INSERT INTO `train_login_log` VALUES (1175414572656820225, 1173853273876299777, 1, '127.0.0.1', '2019-09-21 22:20:47', '2019-09-21 22:20:46', NULL, 2);
INSERT INTO `train_login_log` VALUES (1175414709709897730, 1173853273876299777, 1, '127.0.0.1', '2019-09-21 22:21:20', '2019-09-21 22:21:19', NULL, 2);
INSERT INTO `train_login_log` VALUES (1175415381817753601, 1173853273876299777, 1, '127.0.0.1', '2019-09-21 22:24:00', '2019-09-21 22:23:59', NULL, 2);
INSERT INTO `train_login_log` VALUES (1175415686596853761, 1173853273876299777, 1, '127.0.0.1', '2019-09-21 22:25:13', '2019-09-21 22:25:12', NULL, 2);
INSERT INTO `train_login_log` VALUES (1175416061693460482, 1173853273876299777, 1, '127.0.0.1', '2019-09-21 22:26:42', '2019-09-21 22:26:41', NULL, 2);
INSERT INTO `train_login_log` VALUES (1175416255629688833, 1173853273876299777, 1, '127.0.0.1', '2019-09-21 22:27:28', '2019-09-21 22:27:28', NULL, 2);
INSERT INTO `train_login_log` VALUES (1175416381140041730, 1173853273876299777, 1, '127.0.0.1', '2019-09-21 22:27:58', '2019-09-21 22:27:58', NULL, 2);
INSERT INTO `train_login_log` VALUES (1175417528420597762, 1173853273876299777, 1, '127.0.0.1', '2019-09-21 22:32:32', '2019-09-21 22:32:31', NULL, 2);
INSERT INTO `train_login_log` VALUES (1175417551896117250, 1173853273876299777, 1, '127.0.0.1', '2019-09-21 22:32:37', '2019-09-21 22:32:37', NULL, 2);
INSERT INTO `train_login_log` VALUES (1175418126595457025, 1173853273876299777, 1, '127.0.0.1', '2019-09-21 22:34:54', '2019-09-21 22:34:54', NULL, 2);
INSERT INTO `train_login_log` VALUES (1175418272385269761, 1173853273876299777, 1, '127.0.0.1', '2019-09-21 22:35:29', '2019-09-21 22:35:29', NULL, 2);
INSERT INTO `train_login_log` VALUES (1175418486491906050, 1173853273876299777, 1, '127.0.0.1', '2019-09-21 22:36:20', '2019-09-21 22:36:20', NULL, 2);
INSERT INTO `train_login_log` VALUES (1175418718579523586, 1173853273876299777, 1, '127.0.0.1', '2019-09-21 22:37:15', '2019-09-21 22:37:15', NULL, 2);
INSERT INTO `train_login_log` VALUES (1175418861676593154, 1173853273876299777, 1, '127.0.0.1', '2019-09-21 22:37:50', '2019-09-21 22:37:49', NULL, 2);
INSERT INTO `train_login_log` VALUES (1175419140929159169, 1173853273876299777, 1, '127.0.0.1', '2019-09-21 22:38:56', '2019-09-21 22:38:56', NULL, 2);
INSERT INTO `train_login_log` VALUES (1175419768803885057, 1173853273876299777, 1, '127.0.0.1', '2019-09-21 22:41:26', '2019-09-21 22:41:25', NULL, 2);
INSERT INTO `train_login_log` VALUES (1175419796175912962, 1173853273876299777, 1, '127.0.0.1', '2019-09-21 22:41:32', '2019-09-21 22:41:32', NULL, 2);
INSERT INTO `train_login_log` VALUES (1175419842506194945, 1173853273876299777, 1, '127.0.0.1', '2019-09-21 22:41:43', '2019-09-21 22:41:43', NULL, 2);
INSERT INTO `train_login_log` VALUES (1175421215868137473, 1173853273876299777, 1, '127.0.0.1', '2019-09-21 22:47:11', '2019-09-21 22:47:10', NULL, 2);
INSERT INTO `train_login_log` VALUES (1175421253600096258, 1173853273876299777, 1, '127.0.0.1', '2019-09-21 22:47:20', '2019-09-21 22:47:19', NULL, 2);
INSERT INTO `train_login_log` VALUES (1175421516671066113, 1173853273876299777, 1, '127.0.0.1', '2019-09-21 22:48:22', '2019-09-21 22:48:22', NULL, 2);
INSERT INTO `train_login_log` VALUES (1175421558463111170, 1173853273876299777, 1, '127.0.0.1', '2019-09-21 22:48:32', '2019-09-21 22:48:32', NULL, 2);
INSERT INTO `train_login_log` VALUES (1175421568927899649, 1173853273876299777, 1, '127.0.0.1', '2019-09-21 22:48:35', '2019-09-21 22:48:34', NULL, 2);
INSERT INTO `train_login_log` VALUES (1175421575676534785, 1173853273876299777, 1, '127.0.0.1', '2019-09-21 22:48:37', '2019-09-21 22:48:36', NULL, 2);
INSERT INTO `train_login_log` VALUES (1175421762109153281, 1173853273876299777, 1, '127.0.0.1', '2019-09-21 22:49:21', '2019-09-21 22:49:21', NULL, 2);
INSERT INTO `train_login_log` VALUES (1175425273035202562, 1173853273876299777, 1, '127.0.0.1', '2019-09-21 23:03:18', '2019-09-21 23:03:18', NULL, 2);
INSERT INTO `train_login_log` VALUES (1175426084725301249, 1173853273876299777, 1, '127.0.0.1', '2019-09-21 23:06:32', '2019-09-21 23:06:31', NULL, 2);
INSERT INTO `train_login_log` VALUES (1175429610453049345, 1173853273876299777, 1, '127.0.0.1', '2019-09-21 23:20:32', '2019-09-21 23:20:32', NULL, 2);
INSERT INTO `train_login_log` VALUES (1175430230702530561, 1173853273876299777, 1, '127.0.0.1', '2019-09-21 23:23:00', '2019-09-21 23:23:00', NULL, 2);
INSERT INTO `train_login_log` VALUES (1175430372411285505, 1173853273876299777, 1, '127.0.0.1', '2019-09-21 23:23:34', '2019-09-21 23:23:33', NULL, 2);
INSERT INTO `train_login_log` VALUES (1175430438169583618, 1173853273876299777, 1, '127.0.0.1', '2019-09-21 23:23:50', '2019-09-21 23:23:49', NULL, 2);
INSERT INTO `train_login_log` VALUES (1175430522147938306, 1173853273876299777, 1, '127.0.0.1', '2019-09-21 23:24:10', '2019-09-21 23:24:09', NULL, 2);
INSERT INTO `train_login_log` VALUES (1175432645765996545, 1173853273876299777, 1, '127.0.0.1', '2019-09-21 23:32:36', '2019-09-21 23:32:35', NULL, 2);
INSERT INTO `train_login_log` VALUES (1175432653772922881, 1173853273876299777, 1, '127.0.0.1', '2019-09-21 23:32:38', '2019-09-21 23:32:37', NULL, 2);
INSERT INTO `train_login_log` VALUES (1175432657140948993, 1173853273876299777, 1, '127.0.0.1', '2019-09-21 23:32:39', '2019-09-21 23:32:38', NULL, 2);
INSERT INTO `train_login_log` VALUES (1175432657841397762, 1173853273876299777, 1, '127.0.0.1', '2019-09-21 23:32:39', '2019-09-21 23:32:38', NULL, 2);
INSERT INTO `train_login_log` VALUES (1175432658495709185, 1173853273876299777, 1, '127.0.0.1', '2019-09-21 23:32:39', '2019-09-21 23:32:38', NULL, 2);
INSERT INTO `train_login_log` VALUES (1175432676619296770, 1173853273876299777, 1, '127.0.0.1', '2019-09-21 23:32:43', '2019-09-21 23:32:43', NULL, 2);
INSERT INTO `train_login_log` VALUES (1175432764691292161, 1173853273876299777, 1, '127.0.0.1', '2019-09-21 23:33:04', '2019-09-21 23:33:04', NULL, 2);
INSERT INTO `train_login_log` VALUES (1175433558349971457, 1173853273876299777, 1, '127.0.0.1', '2019-09-21 23:36:13', '2019-09-21 23:36:13', NULL, 2);
INSERT INTO `train_login_log` VALUES (1175433595826077697, 1173853273876299777, 1, '127.0.0.1', '2019-09-21 23:36:22', '2019-09-21 23:36:22', NULL, 2);
INSERT INTO `train_login_log` VALUES (1175439455549784065, 1173853273876299777, 1, '127.0.0.1', '2019-09-21 23:59:39', '2019-09-21 23:59:39', NULL, 2);
INSERT INTO `train_login_log` VALUES (1175439830348595202, 1173853273876299777, 1, '127.0.0.1', '2019-09-22 00:01:09', '2019-09-22 00:01:08', NULL, 2);
INSERT INTO `train_login_log` VALUES (1175445120460705793, 1173853273876299777, 1, '127.0.0.1', '2019-09-22 00:22:10', '2019-09-22 00:22:10', NULL, 2);
INSERT INTO `train_login_log` VALUES (1175446655093645313, 1173853273876299777, 1, '127.0.0.1', '2019-09-22 00:28:16', '2019-09-22 00:28:15', NULL, 2);
INSERT INTO `train_login_log` VALUES (1175446848409116674, 1173853273876299777, 1, '127.0.0.1', '2019-09-22 00:29:02', '2019-09-22 00:29:02', NULL, 2);
INSERT INTO `train_login_log` VALUES (1175447033776381954, 1173853273876299777, 1, '127.0.0.1', '2019-09-22 00:29:46', '2019-09-22 00:29:46', NULL, 2);
INSERT INTO `train_login_log` VALUES (1175447416254963714, 1173853273876299777, 1, '127.0.0.1', '2019-09-22 00:31:17', '2019-09-22 00:31:17', NULL, 2);
INSERT INTO `train_login_log` VALUES (1175447452460195841, 1173853273876299777, 1, '127.0.0.1', '2019-09-22 00:31:26', '2019-09-22 00:31:26', NULL, 2);
INSERT INTO `train_login_log` VALUES (1175447513831251969, 1173853273876299777, 1, '127.0.0.1', '2019-09-22 00:31:41', '2019-09-22 00:31:40', NULL, 2);
INSERT INTO `train_login_log` VALUES (1175447561793118209, 1173853273876299777, 1, '127.0.0.1', '2019-09-22 00:31:52', '2019-09-22 00:31:52', NULL, 2);
INSERT INTO `train_login_log` VALUES (1175448330785202177, 1173853273876299777, 1, '127.0.0.1', '2019-09-22 00:34:55', '2019-09-22 00:34:55', NULL, 2);
INSERT INTO `train_login_log` VALUES (1175458769661272065, 1173853273876299777, 1, '127.0.0.1', '2019-09-22 01:16:24', '2019-09-22 01:16:24', NULL, 2);
INSERT INTO `train_login_log` VALUES (1175458802989211650, 1173853273876299777, 1, '127.0.0.1', '2019-09-22 01:16:32', '2019-09-22 01:16:32', NULL, 2);
INSERT INTO `train_login_log` VALUES (1175467334052552706, 1173853273876299777, 1, '127.0.0.1', '2019-09-22 01:50:26', '2019-09-22 01:50:26', NULL, 2);
INSERT INTO `train_login_log` VALUES (1175474397000441858, 1173853273876299777, 1, '127.0.0.1', '2019-09-22 02:18:30', '2019-09-22 02:18:30', NULL, 2);
INSERT INTO `train_login_log` VALUES (1175699658581200897, 1173853273876299777, 1, '127.0.0.1', '2019-09-22 17:13:37', '2019-09-22 17:13:36', NULL, 2);
INSERT INTO `train_login_log` VALUES (1175702569679724546, 1173853273876299777, 1, '127.0.0.1', '2019-09-22 17:25:11', '2019-09-22 17:25:10', NULL, 2);
INSERT INTO `train_login_log` VALUES (1175707961033891841, 1173853273876299777, 1, '127.0.0.1', '2019-09-22 17:46:36', '2019-09-22 17:46:36', NULL, 2);
INSERT INTO `train_login_log` VALUES (1175708046299897858, 1173853273876299777, 1, '127.0.0.1', '2019-09-22 17:46:56', '2019-09-22 17:46:56', NULL, 2);
INSERT INTO `train_login_log` VALUES (1175712888598700034, 1173853273876299777, 1, '127.0.0.1', '2019-09-22 18:06:11', '2019-09-22 18:06:10', NULL, 2);
INSERT INTO `train_login_log` VALUES (1175712920613822465, 1173853273876299777, 1, '127.0.0.1', '2019-09-22 18:06:19', '2019-09-22 18:06:18', NULL, 2);
INSERT INTO `train_login_log` VALUES (1175714345347588098, 1173853273876299777, 1, '127.0.0.1', '2019-09-22 18:11:58', '2019-09-22 18:11:58', NULL, 2);
INSERT INTO `train_login_log` VALUES (1175718476237905922, 1173853273876299777, 1, '127.0.0.1', '2019-09-22 18:28:23', '2019-09-22 18:28:23', NULL, 2);
INSERT INTO `train_login_log` VALUES (1175718776701067265, 1173853273876299777, 1, '127.0.0.1', '2019-09-22 18:29:35', '2019-09-22 18:29:34', NULL, 2);
INSERT INTO `train_login_log` VALUES (1175718864626262018, 1173853273876299777, 1, '127.0.0.1', '2019-09-22 18:29:56', '2019-09-22 18:29:55', NULL, 2);
INSERT INTO `train_login_log` VALUES (1175719227030904834, 1173853273876299777, 1, '127.0.0.1', '2019-09-22 18:31:22', '2019-09-22 18:31:22', NULL, 2);
INSERT INTO `train_login_log` VALUES (1175719296731848706, 1173853273876299777, 1, '127.0.0.1', '2019-09-22 18:31:39', '2019-09-22 18:31:38', NULL, 2);
INSERT INTO `train_login_log` VALUES (1175748336230555649, 1173853273876299777, 1, '127.0.0.1', '2019-09-22 20:27:02', '2019-09-22 20:27:02', NULL, 2);
INSERT INTO `train_login_log` VALUES (1175748602765991938, 1173853273876299777, 1, '127.0.0.1', '2019-09-22 20:28:06', '2019-09-22 20:28:05', NULL, 2);
INSERT INTO `train_login_log` VALUES (1175751503341080577, 1173853273876299777, 1, '127.0.0.1', '2019-09-22 20:39:37', '2019-09-22 20:39:37', NULL, 2);
INSERT INTO `train_login_log` VALUES (1175751507262754817, 1173853273876299777, 1, '127.0.0.1', '2019-09-22 20:39:38', '2019-09-22 20:39:38', NULL, 2);
INSERT INTO `train_login_log` VALUES (1175752076035575810, 1173853273876299777, 1, '127.0.0.1', '2019-09-22 20:41:54', '2019-09-22 20:41:54', NULL, 2);
INSERT INTO `train_login_log` VALUES (1175752086915600386, 1173853273876299777, 1, '127.0.0.1', '2019-09-22 20:41:57', '2019-09-22 20:41:56', NULL, 2);
INSERT INTO `train_login_log` VALUES (1175752273230745601, 1173853273876299777, 1, '127.0.0.1', '2019-09-22 20:42:41', '2019-09-22 20:42:41', NULL, 2);
INSERT INTO `train_login_log` VALUES (1175752480534220801, 1173853273876299777, 1, '127.0.0.1', '2019-09-22 20:43:30', '2019-09-22 20:43:30', NULL, 2);
INSERT INTO `train_login_log` VALUES (1175794359338455041, 1173853273876299777, 1, '127.0.0.1', '2019-09-22 23:29:55', '2019-09-22 23:29:55', NULL, 2);
INSERT INTO `train_login_log` VALUES (1175794390393081858, 1173853273876299777, 1, '127.0.0.1', '2019-09-22 23:30:03', '2019-09-22 23:30:02', NULL, 2);
INSERT INTO `train_login_log` VALUES (1175805846643757058, 1173853273876299777, 1, '127.0.0.1', '2019-09-23 00:15:34', '2019-09-23 00:15:33', NULL, 2);
INSERT INTO `train_login_log` VALUES (1176125740962684930, 1173853273876299777, 1, '127.0.0.1', '2019-09-23 21:26:43', '2019-09-23 21:26:42', NULL, 2);
INSERT INTO `train_login_log` VALUES (1176125744922107906, 1173853273876299777, 1, '127.0.0.1', '2019-09-23 21:26:44', '2019-09-23 21:26:43', NULL, 2);
INSERT INTO `train_login_log` VALUES (1176125749540036610, 1173853273876299777, 1, '127.0.0.1', '2019-09-23 21:26:45', '2019-09-23 21:26:44', NULL, 2);
INSERT INTO `train_login_log` VALUES (1176125751981121538, 1173853273876299777, 1, '127.0.0.1', '2019-09-23 21:26:45', '2019-09-23 21:26:45', NULL, 2);
INSERT INTO `train_login_log` VALUES (1176125753717563394, 1173853273876299777, 1, '127.0.0.1', '2019-09-23 21:26:46', '2019-09-23 21:26:45', NULL, 2);
INSERT INTO `train_login_log` VALUES (1176125754577395714, 1173853273876299777, 1, '127.0.0.1', '2019-09-23 21:26:46', '2019-09-23 21:26:45', NULL, 2);
INSERT INTO `train_login_log` VALUES (1176125755206541313, 1173853273876299777, 1, '127.0.0.1', '2019-09-23 21:26:46', '2019-09-23 21:26:46', NULL, 2);
INSERT INTO `train_login_log` VALUES (1176125755978293250, 1173853273876299777, 1, '127.0.0.1', '2019-09-23 21:26:46', '2019-09-23 21:26:46', NULL, 2);
INSERT INTO `train_login_log` VALUES (1176125756632604674, 1173853273876299777, 1, '127.0.0.1', '2019-09-23 21:26:46', '2019-09-23 21:26:46', NULL, 2);
INSERT INTO `train_login_log` VALUES (1176125757366607874, 1173853273876299777, 1, '127.0.0.1', '2019-09-23 21:26:47', '2019-09-23 21:26:46', NULL, 2);
INSERT INTO `train_login_log` VALUES (1176125758046085121, 1173853273876299777, 1, '127.0.0.1', '2019-09-23 21:26:47', '2019-09-23 21:26:46', NULL, 2);
INSERT INTO `train_login_log` VALUES (1176125758767505409, 1173853273876299777, 1, '127.0.0.1', '2019-09-23 21:26:47', '2019-09-23 21:26:46', NULL, 2);
INSERT INTO `train_login_log` VALUES (1176125759463759874, 1173853273876299777, 1, '127.0.0.1', '2019-09-23 21:26:47', '2019-09-23 21:26:47', NULL, 2);
INSERT INTO `train_login_log` VALUES (1176125760180985858, 1173853273876299777, 1, '127.0.0.1', '2019-09-23 21:26:47', '2019-09-23 21:26:47', NULL, 2);
INSERT INTO `train_login_log` VALUES (1176125760919183362, 1173853273876299777, 1, '127.0.0.1', '2019-09-23 21:26:47', '2019-09-23 21:26:47', NULL, 2);
INSERT INTO `train_login_log` VALUES (1176125761707712514, 1173853273876299777, 1, '127.0.0.1', '2019-09-23 21:26:48', '2019-09-23 21:26:47', NULL, 2);
INSERT INTO `train_login_log` VALUES (1176125762353635329, 1173853273876299777, 1, '127.0.0.1', '2019-09-23 21:26:48', '2019-09-23 21:26:47', NULL, 2);
INSERT INTO `train_login_log` VALUES (1176125763066667009, 1173853273876299777, 1, '127.0.0.1', '2019-09-23 21:26:48', '2019-09-23 21:26:47', NULL, 2);
INSERT INTO `train_login_log` VALUES (1176125763771310081, 1173853273876299777, 1, '127.0.0.1', '2019-09-23 21:26:48', '2019-09-23 21:26:48', NULL, 2);
INSERT INTO `train_login_log` VALUES (1176125764459175937, 1173853273876299777, 1, '127.0.0.1', '2019-09-23 21:26:48', '2019-09-23 21:26:48', NULL, 2);
INSERT INTO `train_login_log` VALUES (1176125764987658241, 1173853273876299777, 1, '127.0.0.1', '2019-09-23 21:26:48', '2019-09-23 21:26:48', NULL, 2);
INSERT INTO `train_login_log` VALUES (1176125766317252610, 1173853273876299777, 1, '127.0.0.1', '2019-09-23 21:26:49', '2019-09-23 21:26:48', NULL, 2);
INSERT INTO `train_login_log` VALUES (1176125767038672898, 1173853273876299777, 1, '127.0.0.1', '2019-09-23 21:26:49', '2019-09-23 21:26:48', NULL, 2);
INSERT INTO `train_login_log` VALUES (1176125886026883074, 1173853273876299777, 1, '127.0.0.1', '2019-09-23 21:27:17', '2019-09-23 21:27:17', NULL, 2);
INSERT INTO `train_login_log` VALUES (1176150781205028866, 1173853273876299777, 1, '127.0.0.1', '2019-09-23 23:06:13', '2019-09-23 23:06:12', NULL, 2);
INSERT INTO `train_login_log` VALUES (1176416994708348929, 1173853273876299777, 1, '127.0.0.1', '2019-09-24 16:44:03', '2019-09-24 16:44:03', NULL, 2);
INSERT INTO `train_login_log` VALUES (1176835431980208130, 1173853273876299777, 1, '127.0.0.1', '2019-09-25 20:26:46', '2019-09-25 20:26:46', NULL, 2);
INSERT INTO `train_login_log` VALUES (1176835432491913218, 1173853273876299777, 1, '127.0.0.1', '2019-09-25 20:26:46', '2019-09-25 20:26:46', NULL, 2);
INSERT INTO `train_login_log` VALUES (1176835435096576001, 1173853273876299777, 1, '127.0.0.1', '2019-09-25 20:26:47', '2019-09-25 20:26:46', NULL, 2);
INSERT INTO `train_login_log` VALUES (1176835719378112514, 1173853273876299777, 1, '127.0.0.1', '2019-09-25 20:27:55', '2019-09-25 20:27:54', NULL, 2);
INSERT INTO `train_login_log` VALUES (1176835905148030977, 1173853273876299777, 1, '127.0.0.1', '2019-09-25 20:28:39', '2019-09-25 20:28:39', NULL, 2);
INSERT INTO `train_login_log` VALUES (1177027946625556482, 1173853273876299777, 1, '127.0.0.1', '2019-09-26 09:11:42', '2019-09-26 09:11:45', NULL, 2);
INSERT INTO `train_login_log` VALUES (1177027962240950273, 1173853273876299777, 1, '127.0.0.1', '2019-09-26 09:11:49', '2019-09-26 09:11:48', NULL, 2);
INSERT INTO `train_login_log` VALUES (1177027963323080706, 1173853273876299777, 1, '127.0.0.1', '2019-09-26 09:11:49', '2019-09-26 09:11:49', NULL, 2);
INSERT INTO `train_login_log` VALUES (1177027966875656194, 1173853273876299777, 1, '127.0.0.1', '2019-09-26 09:11:50', '2019-09-26 09:11:50', NULL, 2);
INSERT INTO `train_login_log` VALUES (1177027969862000641, 1173853273876299777, 1, '127.0.0.1', '2019-09-26 09:11:51', '2019-09-26 09:11:50', NULL, 2);
INSERT INTO `train_login_log` VALUES (1177027971652968450, 1173853273876299777, 1, '127.0.0.1', '2019-09-26 09:11:51', '2019-09-26 09:11:51', NULL, 2);
INSERT INTO `train_login_log` VALUES (1177065875481747457, 1173853273876299777, 1, '127.0.0.1', '2019-09-26 11:42:28', '2019-09-26 11:42:28', NULL, 2);
INSERT INTO `train_login_log` VALUES (1177107400546770946, 1173853273876299777, 1, '127.0.0.1', '2019-09-26 14:27:28', '2019-09-26 14:27:28', NULL, 2);
INSERT INTO `train_login_log` VALUES (1177107400546770947, 1173853273876299777, 1, '127.0.0.1', '2019-09-26 14:27:28', '2019-09-26 14:27:28', NULL, 2);
INSERT INTO `train_login_log` VALUES (1177107400680988673, 1173853273876299777, 1, '127.0.0.1', '2019-09-26 14:27:28', '2019-09-26 14:27:28', NULL, 2);
INSERT INTO `train_login_log` VALUES (1177107431232299009, 1173853273876299777, 1, '127.0.0.1', '2019-09-26 14:27:36', '2019-09-26 14:27:35', NULL, 2);
INSERT INTO `train_login_log` VALUES (1177107446017220610, 1173853273876299777, 1, '127.0.0.1', '2019-09-26 14:27:39', '2019-09-26 14:27:39', NULL, 2);
INSERT INTO `train_login_log` VALUES (1177107456347791361, 1173853273876299777, 1, '127.0.0.1', '2019-09-26 14:27:42', '2019-09-26 14:27:41', NULL, 2);
INSERT INTO `train_login_log` VALUES (1177107461678751746, 1173853273876299777, 1, '127.0.0.1', '2019-09-26 14:27:43', '2019-09-26 14:27:43', NULL, 2);
INSERT INTO `train_login_log` VALUES (1177107480465039361, 1173853273876299777, 1, '127.0.0.1', '2019-09-26 14:27:48', '2019-09-26 14:27:47', NULL, 2);
INSERT INTO `train_login_log` VALUES (1177107488161587201, 1173853273876299777, 1, '127.0.0.1', '2019-09-26 14:27:49', '2019-09-26 14:27:49', NULL, 2);
INSERT INTO `train_login_log` VALUES (1177107490627837953, 1173853273876299777, 1, '127.0.0.1', '2019-09-26 14:27:50', '2019-09-26 14:27:50', NULL, 2);
INSERT INTO `train_login_log` VALUES (1177107494645981185, 1173853273876299777, 1, '127.0.0.1', '2019-09-26 14:27:51', '2019-09-26 14:27:51', NULL, 2);
INSERT INTO `train_login_log` VALUES (1177107500333457410, 1173853273876299777, 1, '127.0.0.1', '2019-09-26 14:27:52', '2019-09-26 14:27:52', NULL, 2);
INSERT INTO `train_login_log` VALUES (1177107503189778434, 1173853273876299777, 1, '127.0.0.1', '2019-09-26 14:27:53', '2019-09-26 14:27:53', NULL, 2);
INSERT INTO `train_login_log` VALUES (1177107506914320385, 1173853273876299777, 1, '127.0.0.1', '2019-09-26 14:27:54', '2019-09-26 14:27:53', NULL, 2);
INSERT INTO `train_login_log` VALUES (1177107539982213122, 1173853273876299777, 1, '127.0.0.1', '2019-09-26 14:28:02', '2019-09-26 14:28:01', NULL, 2);
INSERT INTO `train_login_log` VALUES (1177107657028460546, 1173853273876299777, 1, '127.0.0.1', '2019-09-26 14:28:30', '2019-09-26 14:28:29', NULL, 2);
INSERT INTO `train_login_log` VALUES (1177114364349702146, 1173853273876299777, 1, '127.0.0.1', '2019-09-26 14:55:09', '2019-09-26 14:55:08', NULL, 2);
INSERT INTO `train_login_log` VALUES (1177119288429043713, 1173853273876299777, 1, '127.0.0.1', '2019-09-26 15:14:43', '2019-09-26 15:14:42', NULL, 2);
INSERT INTO `train_login_log` VALUES (1177130448989642753, 1173853273876299777, 1, '127.0.0.1', '2019-09-26 15:59:04', '2019-09-26 15:59:03', NULL, 2);
INSERT INTO `train_login_log` VALUES (1177155466746322945, 1173853273876299777, 1, '127.0.0.1', '2019-09-26 17:38:27', '2019-09-26 17:38:28', NULL, 2);
INSERT INTO `train_login_log` VALUES (1177214851299655682, 1173853273876299777, 1, '127.0.0.1', '2019-09-26 21:34:27', '2019-09-26 21:34:26', NULL, 2);
INSERT INTO `train_login_log` VALUES (1177394893712232450, 1173853273876299777, 1, '127.0.0.1', '2019-09-27 09:29:52', '2019-09-27 09:29:52', NULL, 2);
INSERT INTO `train_login_log` VALUES (1177402888387006465, 1173853273876299777, 1, '127.0.0.1', '2019-09-27 10:01:38', '2019-09-27 10:01:38', NULL, 2);
INSERT INTO `train_login_log` VALUES (1177402889771126786, 1173853273876299777, 1, '127.0.0.1', '2019-09-27 10:01:39', '2019-09-27 10:01:38', NULL, 2);
INSERT INTO `train_login_log` VALUES (1177494720559157250, 1173853273876299777, 1, '127.0.0.1', '2019-09-27 16:06:32', '2019-09-27 16:06:32', NULL, 2);
INSERT INTO `train_login_log` VALUES (1177494732756193281, 1173853273876299777, 1, '127.0.0.1', '2019-09-27 16:06:34', '2019-09-27 16:06:35', NULL, 2);
INSERT INTO `train_login_log` VALUES (1177494736283602945, 1173853273876299777, 1, '127.0.0.1', '2019-09-27 16:06:36', '2019-09-27 16:06:36', NULL, 2);
INSERT INTO `train_login_log` VALUES (1177494747050381314, 1173853273876299777, 1, '127.0.0.1', '2019-09-27 16:06:39', '2019-09-27 16:06:39', NULL, 2);
INSERT INTO `train_login_log` VALUES (1177495922298458114, 1173853273876299777, 1, '127.0.0.1', '2019-09-27 16:11:19', '2019-09-27 16:11:19', NULL, 2);
INSERT INTO `train_login_log` VALUES (1177495933044264962, 1173853273876299777, 1, '127.0.0.1', '2019-09-27 16:11:22', '2019-09-27 16:11:21', NULL, 2);
INSERT INTO `train_login_log` VALUES (1177588526431535106, 1173853273876299777, 1, '127.0.0.1', '2019-09-27 22:19:18', '2019-09-27 22:19:17', NULL, 2);
INSERT INTO `train_login_log` VALUES (1177877133838974977, 1173853273876299777, 1, '127.0.0.1', '2019-09-28 17:26:07', '2019-09-28 17:26:07', NULL, 2);
INSERT INTO `train_login_log` VALUES (1178125499907641345, 1173853273876299777, 1, '127.0.0.1', '2019-09-29 09:53:02', '2019-09-29 09:53:02', NULL, 2);
INSERT INTO `train_login_log` VALUES (1178125545004797954, 1173853273876299777, 1, '127.0.0.1', '2019-09-29 09:53:13', '2019-09-29 09:53:13', NULL, 2);
INSERT INTO `train_login_log` VALUES (1178153144301064193, 1173853273876299777, 1, '127.0.0.1', '2019-09-29 11:42:53', '2019-09-29 11:42:53', NULL, 2);
INSERT INTO `train_login_log` VALUES (1178324765413609473, 1173853273876299777, 1, '127.0.0.1', '2019-09-29 23:04:51', '2019-09-29 23:04:50', NULL, 2);
INSERT INTO `train_login_log` VALUES (1178325031412174849, 1173853273876299777, 1, '127.0.0.1', '2019-09-29 23:05:54', '2019-09-29 23:05:54', NULL, 2);
INSERT INTO `train_login_log` VALUES (1178327470374785025, 1173853273876299777, 1, '127.0.0.1', '2019-09-29 23:15:36', '2019-09-29 23:15:35', NULL, 2);
INSERT INTO `train_login_log` VALUES (1178334907622363137, 1173853273876299777, 1, '127.0.0.1', '2019-09-29 23:45:09', '2019-09-29 23:45:09', NULL, 2);
INSERT INTO `train_login_log` VALUES (1178567124517634050, 1173853273876299777, 1, '127.0.0.1', '2019-09-30 15:07:54', '2019-09-30 15:07:53', NULL, 2);
INSERT INTO `train_login_log` VALUES (1178585462715166722, 1173853273876299777, 1, '127.0.0.1', '2019-09-30 16:20:46', '2019-09-30 16:20:46', NULL, 2);
INSERT INTO `train_login_log` VALUES (1178611667342442497, 1178606527944310785, 1, '127.0.0.1', '2019-09-30 18:04:54', '2019-09-30 18:04:53', NULL, 2);
INSERT INTO `train_login_log` VALUES (1178611682911698946, 1178606527944310785, 1, '127.0.0.1', '2019-09-30 18:04:57', '2019-09-30 18:04:57', NULL, 2);
INSERT INTO `train_login_log` VALUES (1178612006254788610, 1178606527944310785, 1, '127.0.0.1', '2019-09-30 18:06:15', '2019-09-30 18:06:14', NULL, 2);
INSERT INTO `train_login_log` VALUES (1178612297230434306, 1173853273876299777, 1, '127.0.0.1', '2019-09-30 18:07:24', '2019-09-30 18:07:23', NULL, 2);
INSERT INTO `train_login_log` VALUES (1178612936001961986, 1178606527944310785, 1, '127.0.0.1', '2019-09-30 18:09:56', '2019-09-30 18:09:56', NULL, 2);

-- ----------------------------
-- Table structure for train_role
-- ----------------------------
DROP TABLE IF EXISTS `train_role`;
CREATE TABLE `train_role`  (
  `id` bigint(20) NOT NULL COMMENT '主键',
  `role_name` varchar(8) CHARACTER SET utf8mb4 COLLATE utf8mb4_general_ci NULL DEFAULT NULL COMMENT '角色名称',
  `role_duty` varchar(255) CHARACTER SET utf8mb4 COLLATE utf8mb4_general_ci NULL DEFAULT NULL COMMENT '角色职责',
  `create_time` datetime(0) NULL DEFAULT CURRENT_TIMESTAMP COMMENT '创建时间',
  `update_time` datetime(0) NULL DEFAULT NULL COMMENT '更新时间',
  `is_deleted` int(1) NULL DEFAULT 2 COMMENT '是否删除 1-是 2-否',
  PRIMARY KEY (`id`) USING BTREE
) ENGINE = InnoDB CHARACTER SET = utf8mb4 COLLATE = utf8mb4_general_ci COMMENT = '角色表' ROW_FORMAT = Dynamic;

-- ----------------------------
-- Records of train_role
-- ----------------------------
INSERT INTO `train_role` VALUES (1176742281157488642, '超级管理员', '拥有系统级别的操作权限', '2019-09-25 14:16:37', NULL, 2);
INSERT INTO `train_role` VALUES (1176877299136921601, '系统管理员', '拥有指定操作权限', '2019-09-25 23:13:08', NULL, 2);
INSERT INTO `train_role` VALUES (1177877431768735745, '普通用户', '该角色只拥有普通用户权限', '2019-09-28 17:27:18', NULL, 2);

-- ----------------------------
-- Table structure for train_role_jurisdiction
-- ----------------------------
DROP TABLE IF EXISTS `train_role_jurisdiction`;
CREATE TABLE `train_role_jurisdiction`  (
  `id` bigint(20) NOT NULL COMMENT '主键',
  `jurisdiction_id` bigint(20) NOT NULL COMMENT '权限id',
  `role_id` bigint(20) NOT NULL COMMENT '角色id',
  `create_time` datetime(0) NULL DEFAULT CURRENT_TIMESTAMP ON UPDATE CURRENT_TIMESTAMP(0) COMMENT '创建时间',
  `update_time` datetime(0) NULL DEFAULT NULL COMMENT '更新时间',
  `is_deleted` int(1) NULL DEFAULT 2 COMMENT '是否删除 1-是 2-否',
  PRIMARY KEY (`id`) USING BTREE
) ENGINE = InnoDB CHARACTER SET = utf8mb4 COLLATE = utf8mb4_general_ci COMMENT = '角色权限表' ROW_FORMAT = Dynamic;

-- ----------------------------
-- Records of train_role_jurisdiction
-- ----------------------------
INSERT INTO `train_role_jurisdiction` VALUES (1177914980302192641, 1176741547665993730, 1176877299136921601, '2019-09-28 19:56:30', NULL, 2);
INSERT INTO `train_role_jurisdiction` VALUES (1177914980302192642, 1176741800507027457, 1176877299136921601, '2019-09-28 19:56:30', NULL, 2);
INSERT INTO `train_role_jurisdiction` VALUES (1177927919608397825, 1176741800507027457, 1177877431768735745, '2019-09-28 20:47:55', NULL, 2);
INSERT INTO `train_role_jurisdiction` VALUES (1178126431554859010, 1176741547665993730, 1176742281157488642, '2019-09-29 09:56:44', NULL, 2);
INSERT INTO `train_role_jurisdiction` VALUES (1178126431567441921, 1176741800507027457, 1176742281157488642, '2019-09-29 09:56:44', NULL, 2);
INSERT INTO `train_role_jurisdiction` VALUES (1178126431571636226, 1177056137490665474, 1176742281157488642, '2019-09-29 09:56:44', NULL, 2);
INSERT INTO `train_role_jurisdiction` VALUES (1178126431571636227, 1177056412733476865, 1176742281157488642, '2019-09-29 09:56:44', NULL, 2);
INSERT INTO `train_role_jurisdiction` VALUES (1178126431571636228, 1177880440733065217, 1176742281157488642, '2019-09-29 09:56:44', NULL, 2);
INSERT INTO `train_role_jurisdiction` VALUES (1178126431575830529, 1177880496102072322, 1176742281157488642, '2019-09-29 09:56:44', NULL, 2);
INSERT INTO `train_role_jurisdiction` VALUES (1178126431575830530, 1177880537508241410, 1176742281157488642, '2019-09-29 09:56:44', NULL, 2);
INSERT INTO `train_role_jurisdiction` VALUES (1178126431580024833, 1177880627484450818, 1176742281157488642, '2019-09-29 09:56:44', NULL, 2);

-- ----------------------------
-- Table structure for train_sms_model
-- ----------------------------
DROP TABLE IF EXISTS `train_sms_model`;
CREATE TABLE `train_sms_model`  (
  `id` bigint(20) NOT NULL COMMENT '主键',
  `type` int(1) NOT NULL COMMENT '短信类型（1-注册 2-登录  3-修改密码 4-修改手机号\r\n短信类型有且唯一 ，且类型依据实际需求递增\r\n）',
  `sign_name` varchar(255) CHARACTER SET utf8mb4 COLLATE utf8mb4_general_ci NULL DEFAULT NULL COMMENT '短信签名',
  `template_code` varchar(255) CHARACTER SET utf8mb4 COLLATE utf8mb4_general_ci NULL DEFAULT NULL COMMENT '短信模板码',
  `create_time` datetime(0) NULL DEFAULT NULL ON UPDATE CURRENT_TIMESTAMP(0) COMMENT '创建时间',
  `update_time` datetime(0) NULL DEFAULT NULL COMMENT '更新时间',
  `is_deleted` int(1) NULL DEFAULT 2 COMMENT '是否删除 1-是 2-否',
  PRIMARY KEY (`id`, `type`) USING BTREE
) ENGINE = InnoDB CHARACTER SET = utf8mb4 COLLATE = utf8mb4_general_ci COMMENT = '短信模板表' ROW_FORMAT = Dynamic;

-- ----------------------------
-- Table structure for train_user
-- ----------------------------
DROP TABLE IF EXISTS `train_user`;
CREATE TABLE `train_user`  (
  `id` bigint(20) NOT NULL COMMENT '主键id',
  `phone` varchar(255) CHARACTER SET utf8mb4 COLLATE utf8mb4_general_ci NULL DEFAULT NULL COMMENT '手机号',
  `password` varchar(255) CHARACTER SET utf8mb4 COLLATE utf8mb4_general_ci NULL DEFAULT NULL COMMENT '密码',
  `user_name` varchar(8) CHARACTER SET utf8mb4 COLLATE utf8mb4_general_ci NULL DEFAULT NULL COMMENT '用户名(实名制)',
  `role_id` bigint(20) NULL DEFAULT NULL COMMENT '角色id',
  `id_card` text CHARACTER SET utf8mb4 COLLATE utf8mb4_general_ci NULL COMMENT '身份证号码(实名制)',
  `card_url` text CHARACTER SET utf8mb4 COLLATE utf8mb4_general_ci NULL COMMENT '用户身份证号码链接地址',
  `create_time` datetime(0) NULL DEFAULT CURRENT_TIMESTAMP COMMENT '创建时间',
  `update_time` datetime(0) NULL DEFAULT NULL COMMENT '更新时间',
  `is_deleted` int(1) NULL DEFAULT 2 COMMENT '是否删除 1-是 2-否',
  PRIMARY KEY (`id`) USING BTREE
) ENGINE = InnoDB CHARACTER SET = utf8mb4 COLLATE = utf8mb4_general_ci COMMENT = '用户表' ROW_FORMAT = Dynamic;

-- ----------------------------
-- Records of train_user
-- ----------------------------
INSERT INTO `train_user` VALUES (1173853273876299777, '13163775346', '123456', '张磊', 1176742281157488642, '421087199609250015', 'www.123.com', '2019-09-25 20:20:34', '2019-09-30 18:23:32', 2);
INSERT INTO `train_user` VALUES (1178606527944310785, '18827529732', '123456', NULL, 1176877299136921601, NULL, NULL, '2019-09-30 17:44:29', '2019-09-30 18:23:08', 2);

-- ----------------------------
-- Table structure for train_user_subsidiary
-- ----------------------------
DROP TABLE IF EXISTS `train_user_subsidiary`;
CREATE TABLE `train_user_subsidiary`  (
  `id` bigint(20) NOT NULL COMMENT '主键',
  `user_id` bigint(20) NOT NULL COMMENT '用户id',
  `nick_name` varchar(255) CHARACTER SET utf8mb4 COLLATE utf8mb4_general_ci NULL DEFAULT NULL COMMENT '用户昵称',
  `avatar` text CHARACTER SET utf8mb4 COLLATE utf8mb4_general_ci NULL COMMENT '用户头像',
  `gender` int(1) NULL DEFAULT 1 COMMENT '用户性别(1-男 2-女)',
  `age` int(8) NULL DEFAULT NULL COMMENT '用户年龄',
  `birthday_lunar` varchar(10) CHARACTER SET utf8mb4 COLLATE utf8mb4_general_ci NULL DEFAULT NULL COMMENT '用户生日(农历)',
  `birthday_gregorian` date NULL DEFAULT NULL COMMENT '用户生日(公历,下一次生日时间)',
  `create_time` datetime(0) NULL DEFAULT CURRENT_TIMESTAMP COMMENT '创建时间',
  `update_time` datetime(0) NULL DEFAULT NULL COMMENT '更新时间',
  `is_deleted` int(1) NULL DEFAULT 2 COMMENT '是否删除 1-是 2-否',
  PRIMARY KEY (`id`) USING BTREE
) ENGINE = InnoDB CHARACTER SET = utf8mb4 COLLATE = utf8mb4_general_ci COMMENT = '用户附属表' ROW_FORMAT = Dynamic;

-- ----------------------------
-- Records of train_user_subsidiary
-- ----------------------------
INSERT INTO `train_user_subsidiary` VALUES (1, 1173853273876299777, '昵称在拽有屌用', 'www.123.com', 1, 23, '1996-9-25', '2019-10-23', '2019-09-22 20:32:48', NULL, 2);
INSERT INTO `train_user_subsidiary` VALUES (1178606535594721281, 1178606527944310785, '18827529732', NULL, 1, NULL, NULL, NULL, '2019-09-30 17:44:30', NULL, 2);

-- ----------------------------
-- Table structure for train_user_thirdparty
-- ----------------------------
DROP TABLE IF EXISTS `train_user_thirdparty`;
CREATE TABLE `train_user_thirdparty`  (
  `id` bigint(20) NOT NULL COMMENT '主键id',
  `user_id` bigint(20) NOT NULL COMMENT '用户id',
  `platform` int(1) NOT NULL DEFAULT 2 COMMENT '平台类型(1-qq 2-微信)',
  `union_id` varchar(255) CHARACTER SET utf8mb4 COLLATE utf8mb4_general_ci NOT NULL COMMENT '第三方平台的用户标识',
  `gender` int(1) NULL DEFAULT NULL COMMENT '第三方用户性别(0-未知 1-男 2女)',
  `nick_name` varchar(255) CHARACTER SET utf8mb4 COLLATE utf8mb4_general_ci NULL DEFAULT NULL COMMENT '第三方用户昵称',
  `age` int(8) NULL DEFAULT NULL COMMENT '第三方用户年龄',
  `avatar` text CHARACTER SET utf8mb4 COLLATE utf8mb4_general_ci NULL COMMENT '第三方用户头像',
  `create_time` datetime(0) NULL DEFAULT NULL COMMENT '创建时间',
  `update_time` datetime(0) NULL DEFAULT NULL COMMENT '更新时间',
  `is_deleted` int(1) NULL DEFAULT 2 COMMENT '是否删除 1-是 2-否',
  PRIMARY KEY (`id`) USING BTREE
) ENGINE = InnoDB CHARACTER SET = utf8mb4 COLLATE = utf8mb4_general_ci COMMENT = '用户第三方信息表' ROW_FORMAT = Dynamic;

-- ----------------------------
-- Records of train_user_thirdparty
-- ----------------------------
INSERT INTO `train_user_thirdparty` VALUES (123456789, 1173853273876299777, 2, 'aaaaaaaa', 1, '昵称在拽几把用', 23, 'www.baodu.com', '2019-09-26 23:55:45', NULL, 2);
INSERT INTO `train_user_thirdparty` VALUES (643534534, 1173853273876299777, 2, 'bbbbbb', 1, 'QQ爱', 23, 'www.123.com', '2019-09-27 00:22:30', NULL, 2);

SET FOREIGN_KEY_CHECKS = 1;
